bytes,content-type,elapsed,endpoint,resource,status,entry-date,start-date,end-date
24357265,application/json,1.421,4ecea72eff7de59214fa5919fa011081919d523601656fabd053e2a5e19fa96d,4b547b34097e08ee4a41df14429738870c4d0f2b09cd2669f3cbde96e6949fba,200,2021-05-25T11:45:20.095094,,
24357265,application/json,1.51,4ecea72eff7de59214fa5919fa011081919d523601656fabd053e2a5e19fa96d,4b547b34097e08ee4a41df14429738870c4d0f2b09cd2669f3cbde96e6949fba,200,2021-05-26T01:39:55.907807,,
24357265,application/json,1.338,4ecea72eff7de59214fa5919fa011081919d523601656fabd053e2a5e19fa96d,4b547b34097e08ee4a41df14429738870c4d0f2b09cd2669f3cbde96e6949fba,200,2021-05-27T01:52:03.992719,,
24357265,application/json,4.663,4ecea72eff7de59214fa5919fa011081919d523601656fabd053e2a5e19fa96d,4b547b34097e08ee4a41df14429738870c4d0f2b09cd2669f3cbde96e6949fba,200,2021-05-28T02:01:14.078034,,
24357265,application/json,2.011,4ecea72eff7de59214fa5919fa011081919d523601656fabd053e2a5e19fa96d,4b547b34097e08ee4a41df14429738870c4d0f2b09cd2669f3cbde96e6949fba,200,2021-05-29T02:19:23.346556,,
24357265,application/json,1.192,4ecea72eff7de59214fa5919fa011081919d523601656fabd053e2a5e19fa96d,4b547b34097e08ee4a41df14429738870c4d0f2b09cd2669f3cbde96e6949fba,200,2021-05-30T02:33:08.820804,,
24357265,application/json,1.126,4ecea72eff7de59214fa5919fa011081919d523601656fabd053e2a5e19fa96d,4b547b34097e08ee4a41df14429738870c4d0f2b09cd2669f3cbde96e6949fba,200,2021-05-31T02:44:28.489615,,
24357265,application/json,1.534,4ecea72eff7de59214fa5919fa011081919d523601656fabd053e2a5e19fa96d,4b547b34097e08ee4a41df14429738870c4d0f2b09cd2669f3cbde96e6949fba,200,2021-06-01T03:14:53.402247,,
24357265,application/json,1.291,4ecea72eff7de59214fa5919fa011081919d523601656fabd053e2a5e19fa96d,4b547b34097e08ee4a41df14429738870c4d0f2b09cd2669f3cbde96e6949fba,200,2021-06-02T03:11:18.618891,,
24357265,application/json,1.625,4ecea72eff7de59214fa5919fa011081919d523601656fabd053e2a5e19fa96d,4b547b34097e08ee4a41df14429738870c4d0f2b09cd2669f3cbde96e6949fba,200,2021-06-03T02:45:25.219983,,
24357265,application/json,2.106,4ecea72eff7de59214fa5919fa011081919d523601656fabd053e2a5e19fa96d,4b547b34097e08ee4a41df14429738870c4d0f2b09cd2669f3cbde96e6949fba,200,2021-06-04T02:06:49.656354,,
24357265,application/json,4.838,4ecea72eff7de59214fa5919fa011081919d523601656fabd053e2a5e19fa96d,4b547b34097e08ee4a41df14429738870c4d0f2b09cd2669f3cbde96e6949fba,200,2021-06-05T01:51:18.091461,,
24357265,application/json,1.492,4ecea72eff7de59214fa5919fa011081919d523601656fabd053e2a5e19fa96d,4b547b34097e08ee4a41df14429738870c4d0f2b09cd2669f3cbde96e6949fba,200,2021-06-06T01:45:04.787194,,
24357265,application/json,1.346,4ecea72eff7de59214fa5919fa011081919d523601656fabd053e2a5e19fa96d,4b547b34097e08ee4a41df14429738870c4d0f2b09cd2669f3cbde96e6949fba,200,2021-06-07T01:45:53.536249,,
24357265,application/json,1.307,4ecea72eff7de59214fa5919fa011081919d523601656fabd053e2a5e19fa96d,4b547b34097e08ee4a41df14429738870c4d0f2b09cd2669f3cbde96e6949fba,200,2021-06-08T01:41:39.018371,,
24357265,application/json,1.546,4ecea72eff7de59214fa5919fa011081919d523601656fabd053e2a5e19fa96d,4b547b34097e08ee4a41df14429738870c4d0f2b09cd2669f3cbde96e6949fba,200,2021-06-09T01:16:12.086639,,
24357265,application/json,2.13,4ecea72eff7de59214fa5919fa011081919d523601656fabd053e2a5e19fa96d,4b547b34097e08ee4a41df14429738870c4d0f2b09cd2669f3cbde96e6949fba,200,2021-06-10T01:13:27.830437,,
24357265,application/json,2.051,4ecea72eff7de59214fa5919fa011081919d523601656fabd053e2a5e19fa96d,4b547b34097e08ee4a41df14429738870c4d0f2b09cd2669f3cbde96e6949fba,200,2021-06-11T01:07:56.248115,,
24357265,application/json,2.145,4ecea72eff7de59214fa5919fa011081919d523601656fabd053e2a5e19fa96d,4b547b34097e08ee4a41df14429738870c4d0f2b09cd2669f3cbde96e6949fba,200,2021-06-12T01:02:06.192576,,
24357265,application/json,2.179,4ecea72eff7de59214fa5919fa011081919d523601656fabd053e2a5e19fa96d,4b547b34097e08ee4a41df14429738870c4d0f2b09cd2669f3cbde96e6949fba,200,2021-06-13T01:10:34.022344,,
24357265,application/json,1.329,4ecea72eff7de59214fa5919fa011081919d523601656fabd053e2a5e19fa96d,4b547b34097e08ee4a41df14429738870c4d0f2b09cd2669f3cbde96e6949fba,200,2021-06-14T01:05:17.206875,,
24357265,application/json,1.617,4ecea72eff7de59214fa5919fa011081919d523601656fabd053e2a5e19fa96d,4b547b34097e08ee4a41df14429738870c4d0f2b09cd2669f3cbde96e6949fba,200,2021-06-15T01:10:23.977068,,
24357265,application/json,2.711,4ecea72eff7de59214fa5919fa011081919d523601656fabd053e2a5e19fa96d,4b547b34097e08ee4a41df14429738870c4d0f2b09cd2669f3cbde96e6949fba,200,2021-06-16T01:06:59.944759,,
24357265,application/json,1.555,4ecea72eff7de59214fa5919fa011081919d523601656fabd053e2a5e19fa96d,4b547b34097e08ee4a41df14429738870c4d0f2b09cd2669f3cbde96e6949fba,200,2021-06-17T01:04:51.273939,,
24357265,application/json,1.489,4ecea72eff7de59214fa5919fa011081919d523601656fabd053e2a5e19fa96d,4b547b34097e08ee4a41df14429738870c4d0f2b09cd2669f3cbde96e6949fba,200,2021-06-18T01:09:03.213736,,
24357265,application/json,1.474,4ecea72eff7de59214fa5919fa011081919d523601656fabd053e2a5e19fa96d,4b547b34097e08ee4a41df14429738870c4d0f2b09cd2669f3cbde96e6949fba,200,2021-06-19T01:07:24.829897,,
24357265,application/json,2.261,4ecea72eff7de59214fa5919fa011081919d523601656fabd053e2a5e19fa96d,4b547b34097e08ee4a41df14429738870c4d0f2b09cd2669f3cbde96e6949fba,200,2021-06-20T01:10:00.954675,,
24357265,application/json,1.26,4ecea72eff7de59214fa5919fa011081919d523601656fabd053e2a5e19fa96d,4b547b34097e08ee4a41df14429738870c4d0f2b09cd2669f3cbde96e6949fba,200,2021-06-21T01:12:33.590054,,
24357265,application/json,1.989,4ecea72eff7de59214fa5919fa011081919d523601656fabd053e2a5e19fa96d,4b547b34097e08ee4a41df14429738870c4d0f2b09cd2669f3cbde96e6949fba,200,2021-06-22T01:04:09.057459,,
24357265,application/json,1.46,4ecea72eff7de59214fa5919fa011081919d523601656fabd053e2a5e19fa96d,4b547b34097e08ee4a41df14429738870c4d0f2b09cd2669f3cbde96e6949fba,200,2021-06-23T00:59:03.154440,,
24357265,application/json,1.837,4ecea72eff7de59214fa5919fa011081919d523601656fabd053e2a5e19fa96d,4b547b34097e08ee4a41df14429738870c4d0f2b09cd2669f3cbde96e6949fba,200,2021-06-24T00:54:50.166933,,
24357265,application/json,1.478,4ecea72eff7de59214fa5919fa011081919d523601656fabd053e2a5e19fa96d,4b547b34097e08ee4a41df14429738870c4d0f2b09cd2669f3cbde96e6949fba,200,2021-06-25T01:12:58.766287,,
24357265,application/json,1.69,4ecea72eff7de59214fa5919fa011081919d523601656fabd053e2a5e19fa96d,4b547b34097e08ee4a41df14429738870c4d0f2b09cd2669f3cbde96e6949fba,200,2021-06-26T01:04:35.023102,,
24357265,application/json,1.482,4ecea72eff7de59214fa5919fa011081919d523601656fabd053e2a5e19fa96d,4b547b34097e08ee4a41df14429738870c4d0f2b09cd2669f3cbde96e6949fba,200,2021-06-27T01:15:23.856360,,
24357265,application/json,1.407,4ecea72eff7de59214fa5919fa011081919d523601656fabd053e2a5e19fa96d,4b547b34097e08ee4a41df14429738870c4d0f2b09cd2669f3cbde96e6949fba,200,2021-06-28T01:08:35.885584,,
24357265,application/json,1.791,4ecea72eff7de59214fa5919fa011081919d523601656fabd053e2a5e19fa96d,4b547b34097e08ee4a41df14429738870c4d0f2b09cd2669f3cbde96e6949fba,200,2021-06-29T01:04:35.373773,,
24357265,application/json,1.436,4ecea72eff7de59214fa5919fa011081919d523601656fabd053e2a5e19fa96d,4b547b34097e08ee4a41df14429738870c4d0f2b09cd2669f3cbde96e6949fba,200,2021-06-30T01:10:28.250904,,
24357265,application/json,1.414,4ecea72eff7de59214fa5919fa011081919d523601656fabd053e2a5e19fa96d,4b547b34097e08ee4a41df14429738870c4d0f2b09cd2669f3cbde96e6949fba,200,2021-07-01T01:11:03.620136,,
24357265,application/json,1.652,4ecea72eff7de59214fa5919fa011081919d523601656fabd053e2a5e19fa96d,4b547b34097e08ee4a41df14429738870c4d0f2b09cd2669f3cbde96e6949fba,200,2021-07-02T01:07:53.812268,,
24357265,application/json,1.468,4ecea72eff7de59214fa5919fa011081919d523601656fabd053e2a5e19fa96d,4b547b34097e08ee4a41df14429738870c4d0f2b09cd2669f3cbde96e6949fba,200,2021-07-03T01:04:50.533139,,
24357265,application/json,1.276,4ecea72eff7de59214fa5919fa011081919d523601656fabd053e2a5e19fa96d,4b547b34097e08ee4a41df14429738870c4d0f2b09cd2669f3cbde96e6949fba,200,2021-07-04T01:08:26.746156,,
24357265,application/json,1.436,4ecea72eff7de59214fa5919fa011081919d523601656fabd053e2a5e19fa96d,4b547b34097e08ee4a41df14429738870c4d0f2b09cd2669f3cbde96e6949fba,200,2021-07-05T01:05:56.859072,,
24357265,application/json,1.714,4ecea72eff7de59214fa5919fa011081919d523601656fabd053e2a5e19fa96d,4b547b34097e08ee4a41df14429738870c4d0f2b09cd2669f3cbde96e6949fba,200,2021-07-06T01:10:49.890717,,
24357265,application/json,2.146,4ecea72eff7de59214fa5919fa011081919d523601656fabd053e2a5e19fa96d,4b547b34097e08ee4a41df14429738870c4d0f2b09cd2669f3cbde96e6949fba,200,2021-07-07T01:10:47.473320,,
24357265,application/json,1.663,4ecea72eff7de59214fa5919fa011081919d523601656fabd053e2a5e19fa96d,4b547b34097e08ee4a41df14429738870c4d0f2b09cd2669f3cbde96e6949fba,200,2021-07-08T01:06:29.791718,,
24357265,application/json,1.718,4ecea72eff7de59214fa5919fa011081919d523601656fabd053e2a5e19fa96d,4b547b34097e08ee4a41df14429738870c4d0f2b09cd2669f3cbde96e6949fba,200,2021-07-09T01:08:00.695725,,
24357265,application/json,1.356,4ecea72eff7de59214fa5919fa011081919d523601656fabd053e2a5e19fa96d,4b547b34097e08ee4a41df14429738870c4d0f2b09cd2669f3cbde96e6949fba,200,2021-07-10T01:05:48.115219,,
24357265,application/json,1.386,4ecea72eff7de59214fa5919fa011081919d523601656fabd053e2a5e19fa96d,4b547b34097e08ee4a41df14429738870c4d0f2b09cd2669f3cbde96e6949fba,200,2021-07-11T01:12:51.949834,,
24357265,application/json,2.017,4ecea72eff7de59214fa5919fa011081919d523601656fabd053e2a5e19fa96d,4b547b34097e08ee4a41df14429738870c4d0f2b09cd2669f3cbde96e6949fba,200,2021-07-12T01:06:35.838986,,
24357265,application/json,1.595,4ecea72eff7de59214fa5919fa011081919d523601656fabd053e2a5e19fa96d,4b547b34097e08ee4a41df14429738870c4d0f2b09cd2669f3cbde96e6949fba,200,2021-07-13T01:09:48.379610,,
24357265,application/json,1.615,4ecea72eff7de59214fa5919fa011081919d523601656fabd053e2a5e19fa96d,4b547b34097e08ee4a41df14429738870c4d0f2b09cd2669f3cbde96e6949fba,200,2021-07-14T01:03:47.054669,,
24357265,application/json,2.141,4ecea72eff7de59214fa5919fa011081919d523601656fabd053e2a5e19fa96d,4b547b34097e08ee4a41df14429738870c4d0f2b09cd2669f3cbde96e6949fba,200,2021-07-15T01:09:07.762524,,
24357265,application/json,1.48,4ecea72eff7de59214fa5919fa011081919d523601656fabd053e2a5e19fa96d,4b547b34097e08ee4a41df14429738870c4d0f2b09cd2669f3cbde96e6949fba,200,2021-07-16T01:07:57.795117,,
24357265,application/json,1.856,4ecea72eff7de59214fa5919fa011081919d523601656fabd053e2a5e19fa96d,4b547b34097e08ee4a41df14429738870c4d0f2b09cd2669f3cbde96e6949fba,200,2021-07-17T01:05:28.222476,,
24357265,application/json,1.165,4ecea72eff7de59214fa5919fa011081919d523601656fabd053e2a5e19fa96d,4b547b34097e08ee4a41df14429738870c4d0f2b09cd2669f3cbde96e6949fba,200,2021-07-18T01:10:03.651910,,
24357265,application/json,1.479,4ecea72eff7de59214fa5919fa011081919d523601656fabd053e2a5e19fa96d,4b547b34097e08ee4a41df14429738870c4d0f2b09cd2669f3cbde96e6949fba,200,2021-07-19T01:07:58.264905,,
24357265,application/json,1.974,4ecea72eff7de59214fa5919fa011081919d523601656fabd053e2a5e19fa96d,4b547b34097e08ee4a41df14429738870c4d0f2b09cd2669f3cbde96e6949fba,200,2021-07-20T01:12:46.642512,,
24357265,application/json,2.176,4ecea72eff7de59214fa5919fa011081919d523601656fabd053e2a5e19fa96d,4b547b34097e08ee4a41df14429738870c4d0f2b09cd2669f3cbde96e6949fba,200,2021-07-21T01:08:47.411891,,
24357265,application/json,2.295,4ecea72eff7de59214fa5919fa011081919d523601656fabd053e2a5e19fa96d,4b547b34097e08ee4a41df14429738870c4d0f2b09cd2669f3cbde96e6949fba,200,2021-07-22T01:09:22.719132,,
,,29.437,4ecea72eff7de59214fa5919fa011081919d523601656fabd053e2a5e19fa96d,,,2021-07-23T01:08:18.552646,,
24357265,application/json,1.56,4ecea72eff7de59214fa5919fa011081919d523601656fabd053e2a5e19fa96d,4b547b34097e08ee4a41df14429738870c4d0f2b09cd2669f3cbde96e6949fba,200,2021-07-24T01:07:46.184696,,
24357265,application/json,1.34,4ecea72eff7de59214fa5919fa011081919d523601656fabd053e2a5e19fa96d,4b547b34097e08ee4a41df14429738870c4d0f2b09cd2669f3cbde96e6949fba,200,2021-07-25T01:09:36.710470,,
24357265,application/json,1.552,4ecea72eff7de59214fa5919fa011081919d523601656fabd053e2a5e19fa96d,4b547b34097e08ee4a41df14429738870c4d0f2b09cd2669f3cbde96e6949fba,200,2021-07-26T01:07:29.942687,,
24357265,application/json,1.903,4ecea72eff7de59214fa5919fa011081919d523601656fabd053e2a5e19fa96d,4b547b34097e08ee4a41df14429738870c4d0f2b09cd2669f3cbde96e6949fba,200,2021-07-27T01:09:38.431781,,
24357265,application/json,1.594,4ecea72eff7de59214fa5919fa011081919d523601656fabd053e2a5e19fa96d,4b547b34097e08ee4a41df14429738870c4d0f2b09cd2669f3cbde96e6949fba,200,2021-07-28T01:11:26.904673,,
24357265,application/json,3.27,4ecea72eff7de59214fa5919fa011081919d523601656fabd053e2a5e19fa96d,4b547b34097e08ee4a41df14429738870c4d0f2b09cd2669f3cbde96e6949fba,200,2021-07-29T01:06:12.470643,,
24357265,application/json,1.851,4ecea72eff7de59214fa5919fa011081919d523601656fabd053e2a5e19fa96d,4b547b34097e08ee4a41df14429738870c4d0f2b09cd2669f3cbde96e6949fba,200,2021-07-30T01:10:00.023697,,
24357265,application/json,2.329,4ecea72eff7de59214fa5919fa011081919d523601656fabd053e2a5e19fa96d,4b547b34097e08ee4a41df14429738870c4d0f2b09cd2669f3cbde96e6949fba,200,2021-07-31T01:07:24.738589,,
24357265,application/json,2.186,4ecea72eff7de59214fa5919fa011081919d523601656fabd053e2a5e19fa96d,4b547b34097e08ee4a41df14429738870c4d0f2b09cd2669f3cbde96e6949fba,200,2021-08-01T01:16:33.965363,,
24357265,application/json,1.374,4ecea72eff7de59214fa5919fa011081919d523601656fabd053e2a5e19fa96d,4b547b34097e08ee4a41df14429738870c4d0f2b09cd2669f3cbde96e6949fba,200,2021-08-02T01:08:10.147683,,
24357265,application/json,7.9,4ecea72eff7de59214fa5919fa011081919d523601656fabd053e2a5e19fa96d,4b547b34097e08ee4a41df14429738870c4d0f2b09cd2669f3cbde96e6949fba,200,2021-08-03T01:12:08.945047,,
24357265,application/json,8.755,4ecea72eff7de59214fa5919fa011081919d523601656fabd053e2a5e19fa96d,4b547b34097e08ee4a41df14429738870c4d0f2b09cd2669f3cbde96e6949fba,200,2021-08-04T01:07:38.776641,,
24357265,application/json,1.421,4ecea72eff7de59214fa5919fa011081919d523601656fabd053e2a5e19fa96d,4b547b34097e08ee4a41df14429738870c4d0f2b09cd2669f3cbde96e6949fba,200,2021-08-05T01:08:04.473108,,
24357265,application/json,2.327,4ecea72eff7de59214fa5919fa011081919d523601656fabd053e2a5e19fa96d,4b547b34097e08ee4a41df14429738870c4d0f2b09cd2669f3cbde96e6949fba,200,2021-08-06T01:10:54.379271,,
24357265,application/json,2.077,4ecea72eff7de59214fa5919fa011081919d523601656fabd053e2a5e19fa96d,4b547b34097e08ee4a41df14429738870c4d0f2b09cd2669f3cbde96e6949fba,200,2021-08-07T01:02:12.376295,,
24357265,application/json,1.469,4ecea72eff7de59214fa5919fa011081919d523601656fabd053e2a5e19fa96d,4b547b34097e08ee4a41df14429738870c4d0f2b09cd2669f3cbde96e6949fba,200,2021-08-08T01:08:20.357428,,
24357265,application/json,1.372,4ecea72eff7de59214fa5919fa011081919d523601656fabd053e2a5e19fa96d,4b547b34097e08ee4a41df14429738870c4d0f2b09cd2669f3cbde96e6949fba,200,2021-08-09T01:07:31.223380,,
24357265,application/json,1.753,4ecea72eff7de59214fa5919fa011081919d523601656fabd053e2a5e19fa96d,4b547b34097e08ee4a41df14429738870c4d0f2b09cd2669f3cbde96e6949fba,200,2021-08-10T01:09:10.563873,,
24357265,application/json,1.309,4ecea72eff7de59214fa5919fa011081919d523601656fabd053e2a5e19fa96d,4b547b34097e08ee4a41df14429738870c4d0f2b09cd2669f3cbde96e6949fba,200,2021-08-11T01:07:25.426225,,
24357265,application/json,2.047,4ecea72eff7de59214fa5919fa011081919d523601656fabd053e2a5e19fa96d,4b547b34097e08ee4a41df14429738870c4d0f2b09cd2669f3cbde96e6949fba,200,2021-08-12T01:06:10.780924,,
24357265,application/json,1.732,4ecea72eff7de59214fa5919fa011081919d523601656fabd053e2a5e19fa96d,4b547b34097e08ee4a41df14429738870c4d0f2b09cd2669f3cbde96e6949fba,200,2021-08-13T01:07:13.222190,,
24357265,application/json,1.603,4ecea72eff7de59214fa5919fa011081919d523601656fabd053e2a5e19fa96d,4b547b34097e08ee4a41df14429738870c4d0f2b09cd2669f3cbde96e6949fba,200,2021-08-14T01:02:11.679455,,
24357265,application/json,2.348,4ecea72eff7de59214fa5919fa011081919d523601656fabd053e2a5e19fa96d,4b547b34097e08ee4a41df14429738870c4d0f2b09cd2669f3cbde96e6949fba,200,2021-08-15T01:07:31.563309,,
24357265,application/json,2.239,4ecea72eff7de59214fa5919fa011081919d523601656fabd053e2a5e19fa96d,4b547b34097e08ee4a41df14429738870c4d0f2b09cd2669f3cbde96e6949fba,200,2021-08-16T01:06:17.514620,,
24357265,application/json,1.571,4ecea72eff7de59214fa5919fa011081919d523601656fabd053e2a5e19fa96d,4b547b34097e08ee4a41df14429738870c4d0f2b09cd2669f3cbde96e6949fba,200,2021-08-17T01:05:03.629374,,
24357265,application/json,1.541,4ecea72eff7de59214fa5919fa011081919d523601656fabd053e2a5e19fa96d,4b547b34097e08ee4a41df14429738870c4d0f2b09cd2669f3cbde96e6949fba,200,2021-08-18T01:06:35.460903,,
24357265,application/json,1.616,4ecea72eff7de59214fa5919fa011081919d523601656fabd053e2a5e19fa96d,4b547b34097e08ee4a41df14429738870c4d0f2b09cd2669f3cbde96e6949fba,200,2021-08-19T00:59:34.793779,,
24357265,application/json,1.566,4ecea72eff7de59214fa5919fa011081919d523601656fabd053e2a5e19fa96d,4b547b34097e08ee4a41df14429738870c4d0f2b09cd2669f3cbde96e6949fba,200,2021-08-20T01:04:11.224159,,
24357265,application/json,1.71,4ecea72eff7de59214fa5919fa011081919d523601656fabd053e2a5e19fa96d,4b547b34097e08ee4a41df14429738870c4d0f2b09cd2669f3cbde96e6949fba,200,2021-08-21T01:05:00.519811,,
24357265,application/json,1.284,4ecea72eff7de59214fa5919fa011081919d523601656fabd053e2a5e19fa96d,4b547b34097e08ee4a41df14429738870c4d0f2b09cd2669f3cbde96e6949fba,200,2021-08-22T01:05:16.043284,,
24357265,application/json,1.703,4ecea72eff7de59214fa5919fa011081919d523601656fabd053e2a5e19fa96d,4b547b34097e08ee4a41df14429738870c4d0f2b09cd2669f3cbde96e6949fba,200,2021-08-23T01:01:34.266683,,
24357265,application/json,1.58,4ecea72eff7de59214fa5919fa011081919d523601656fabd053e2a5e19fa96d,4b547b34097e08ee4a41df14429738870c4d0f2b09cd2669f3cbde96e6949fba,200,2021-08-24T01:04:31.391631,,
24357265,application/json,1.871,4ecea72eff7de59214fa5919fa011081919d523601656fabd053e2a5e19fa96d,4b547b34097e08ee4a41df14429738870c4d0f2b09cd2669f3cbde96e6949fba,200,2021-08-25T01:05:26.037911,,
24357265,application/json,1.708,4ecea72eff7de59214fa5919fa011081919d523601656fabd053e2a5e19fa96d,4b547b34097e08ee4a41df14429738870c4d0f2b09cd2669f3cbde96e6949fba,200,2021-08-26T01:03:19.979252,,
24357265,application/json,2.118,4ecea72eff7de59214fa5919fa011081919d523601656fabd053e2a5e19fa96d,4b547b34097e08ee4a41df14429738870c4d0f2b09cd2669f3cbde96e6949fba,200,2021-08-27T01:10:51.494527,,
24357265,application/json,1.673,4ecea72eff7de59214fa5919fa011081919d523601656fabd053e2a5e19fa96d,4b547b34097e08ee4a41df14429738870c4d0f2b09cd2669f3cbde96e6949fba,200,2021-08-28T01:02:16.815744,,
24357265,application/json,1.759,4ecea72eff7de59214fa5919fa011081919d523601656fabd053e2a5e19fa96d,4b547b34097e08ee4a41df14429738870c4d0f2b09cd2669f3cbde96e6949fba,200,2021-08-29T01:09:22.710880,,
24357265,application/json,1.577,4ecea72eff7de59214fa5919fa011081919d523601656fabd053e2a5e19fa96d,4b547b34097e08ee4a41df14429738870c4d0f2b09cd2669f3cbde96e6949fba,200,2021-08-30T01:06:17.621009,,
24357265,application/json,1.71,4ecea72eff7de59214fa5919fa011081919d523601656fabd053e2a5e19fa96d,4b547b34097e08ee4a41df14429738870c4d0f2b09cd2669f3cbde96e6949fba,200,2021-08-31T01:07:26.308619,,
24357265,application/json,2.229,4ecea72eff7de59214fa5919fa011081919d523601656fabd053e2a5e19fa96d,4b547b34097e08ee4a41df14429738870c4d0f2b09cd2669f3cbde96e6949fba,200,2021-09-01T01:14:14.403749,,
24357265,application/json,2.132,4ecea72eff7de59214fa5919fa011081919d523601656fabd053e2a5e19fa96d,4b547b34097e08ee4a41df14429738870c4d0f2b09cd2669f3cbde96e6949fba,200,2021-09-02T01:07:33.674423,,
24357265,application/json,2.435,4ecea72eff7de59214fa5919fa011081919d523601656fabd053e2a5e19fa96d,4b547b34097e08ee4a41df14429738870c4d0f2b09cd2669f3cbde96e6949fba,200,2021-09-03T01:07:24.622313,,
24357265,application/json,2.144,4ecea72eff7de59214fa5919fa011081919d523601656fabd053e2a5e19fa96d,4b547b34097e08ee4a41df14429738870c4d0f2b09cd2669f3cbde96e6949fba,200,2021-09-04T01:08:34.971633,,
24357265,application/json,1.811,4ecea72eff7de59214fa5919fa011081919d523601656fabd053e2a5e19fa96d,4b547b34097e08ee4a41df14429738870c4d0f2b09cd2669f3cbde96e6949fba,200,2021-09-05T01:10:23.602603,,
24357265,application/json,1.588,4ecea72eff7de59214fa5919fa011081919d523601656fabd053e2a5e19fa96d,4b547b34097e08ee4a41df14429738870c4d0f2b09cd2669f3cbde96e6949fba,200,2021-09-06T01:15:18.338938,,
24357265,application/json,2.131,4ecea72eff7de59214fa5919fa011081919d523601656fabd053e2a5e19fa96d,4b547b34097e08ee4a41df14429738870c4d0f2b09cd2669f3cbde96e6949fba,200,2021-09-07T01:05:52.266532,,
24357265,application/json,1.977,4ecea72eff7de59214fa5919fa011081919d523601656fabd053e2a5e19fa96d,4b547b34097e08ee4a41df14429738870c4d0f2b09cd2669f3cbde96e6949fba,200,2021-09-08T01:05:55.808960,,
24357265,application/json,2.076,4ecea72eff7de59214fa5919fa011081919d523601656fabd053e2a5e19fa96d,4b547b34097e08ee4a41df14429738870c4d0f2b09cd2669f3cbde96e6949fba,200,2021-09-09T01:11:21.918440,,
24357265,application/json,1.61,4ecea72eff7de59214fa5919fa011081919d523601656fabd053e2a5e19fa96d,4b547b34097e08ee4a41df14429738870c4d0f2b09cd2669f3cbde96e6949fba,200,2021-09-10T01:13:00.787660,,
24357265,application/json,2.197,4ecea72eff7de59214fa5919fa011081919d523601656fabd053e2a5e19fa96d,4b547b34097e08ee4a41df14429738870c4d0f2b09cd2669f3cbde96e6949fba,200,2021-09-11T01:06:40.331863,,
24357265,application/json,2.053,4ecea72eff7de59214fa5919fa011081919d523601656fabd053e2a5e19fa96d,4b547b34097e08ee4a41df14429738870c4d0f2b09cd2669f3cbde96e6949fba,200,2021-09-12T01:11:01.808781,,
24357265,application/json,1.578,4ecea72eff7de59214fa5919fa011081919d523601656fabd053e2a5e19fa96d,4b547b34097e08ee4a41df14429738870c4d0f2b09cd2669f3cbde96e6949fba,200,2021-09-13T01:10:47.810787,,
24357265,application/json,1.771,4ecea72eff7de59214fa5919fa011081919d523601656fabd053e2a5e19fa96d,4b547b34097e08ee4a41df14429738870c4d0f2b09cd2669f3cbde96e6949fba,200,2021-09-14T01:11:45.266789,,
24357265,application/json,1.526,4ecea72eff7de59214fa5919fa011081919d523601656fabd053e2a5e19fa96d,4b547b34097e08ee4a41df14429738870c4d0f2b09cd2669f3cbde96e6949fba,200,2021-09-15T01:08:19.829640,,
24357265,application/json,1.49,4ecea72eff7de59214fa5919fa011081919d523601656fabd053e2a5e19fa96d,4b547b34097e08ee4a41df14429738870c4d0f2b09cd2669f3cbde96e6949fba,200,2021-09-16T01:12:47.156334,,
24357265,application/json,1.706,4ecea72eff7de59214fa5919fa011081919d523601656fabd053e2a5e19fa96d,4b547b34097e08ee4a41df14429738870c4d0f2b09cd2669f3cbde96e6949fba,200,2021-09-17T01:17:09.615185,,
24357265,application/json,2.055,4ecea72eff7de59214fa5919fa011081919d523601656fabd053e2a5e19fa96d,4b547b34097e08ee4a41df14429738870c4d0f2b09cd2669f3cbde96e6949fba,200,2021-09-18T01:07:43.659121,,
24357265,application/json,1.518,4ecea72eff7de59214fa5919fa011081919d523601656fabd053e2a5e19fa96d,4b547b34097e08ee4a41df14429738870c4d0f2b09cd2669f3cbde96e6949fba,200,2021-09-19T01:10:23.756479,,
24357265,application/json,2.251,4ecea72eff7de59214fa5919fa011081919d523601656fabd053e2a5e19fa96d,4b547b34097e08ee4a41df14429738870c4d0f2b09cd2669f3cbde96e6949fba,200,2021-09-20T01:13:26.730184,,
24357265,application/json,1.788,4ecea72eff7de59214fa5919fa011081919d523601656fabd053e2a5e19fa96d,4b547b34097e08ee4a41df14429738870c4d0f2b09cd2669f3cbde96e6949fba,200,2021-09-21T01:10:43.008397,,
24357265,application/json,7.625,4ecea72eff7de59214fa5919fa011081919d523601656fabd053e2a5e19fa96d,4b547b34097e08ee4a41df14429738870c4d0f2b09cd2669f3cbde96e6949fba,200,2021-09-22T01:11:32.124687,,
24357265,application/json,2.242,4ecea72eff7de59214fa5919fa011081919d523601656fabd053e2a5e19fa96d,4b547b34097e08ee4a41df14429738870c4d0f2b09cd2669f3cbde96e6949fba,200,2021-09-23T01:15:25.837759,,
24357265,application/json,1.331,4ecea72eff7de59214fa5919fa011081919d523601656fabd053e2a5e19fa96d,4b547b34097e08ee4a41df14429738870c4d0f2b09cd2669f3cbde96e6949fba,200,2021-09-24T01:11:09.433979,,
24357265,application/json,1.395,4ecea72eff7de59214fa5919fa011081919d523601656fabd053e2a5e19fa96d,4b547b34097e08ee4a41df14429738870c4d0f2b09cd2669f3cbde96e6949fba,200,2021-09-25T01:07:52.123781,,
24357265,application/json,1.82,4ecea72eff7de59214fa5919fa011081919d523601656fabd053e2a5e19fa96d,4b547b34097e08ee4a41df14429738870c4d0f2b09cd2669f3cbde96e6949fba,200,2021-09-26T01:11:37.415551,,
24357265,application/json,1.458,4ecea72eff7de59214fa5919fa011081919d523601656fabd053e2a5e19fa96d,4b547b34097e08ee4a41df14429738870c4d0f2b09cd2669f3cbde96e6949fba,200,2021-09-27T01:09:57.253347,,
24357265,application/json,2.304,4ecea72eff7de59214fa5919fa011081919d523601656fabd053e2a5e19fa96d,4b547b34097e08ee4a41df14429738870c4d0f2b09cd2669f3cbde96e6949fba,200,2021-09-28T01:10:35.860887,,
24357265,application/json,1.608,4ecea72eff7de59214fa5919fa011081919d523601656fabd053e2a5e19fa96d,4b547b34097e08ee4a41df14429738870c4d0f2b09cd2669f3cbde96e6949fba,200,2021-09-29T01:08:00.722995,,
24357265,application/json,1.296,4ecea72eff7de59214fa5919fa011081919d523601656fabd053e2a5e19fa96d,4b547b34097e08ee4a41df14429738870c4d0f2b09cd2669f3cbde96e6949fba,200,2021-09-30T01:17:01.711462,,
24357265,application/json,1.412,4ecea72eff7de59214fa5919fa011081919d523601656fabd053e2a5e19fa96d,4b547b34097e08ee4a41df14429738870c4d0f2b09cd2669f3cbde96e6949fba,200,2021-10-01T01:14:54.422861,,
24357265,application/json,2.006,4ecea72eff7de59214fa5919fa011081919d523601656fabd053e2a5e19fa96d,4b547b34097e08ee4a41df14429738870c4d0f2b09cd2669f3cbde96e6949fba,200,2021-10-02T01:09:33.351381,,
24357265,application/json,1.525,4ecea72eff7de59214fa5919fa011081919d523601656fabd053e2a5e19fa96d,4b547b34097e08ee4a41df14429738870c4d0f2b09cd2669f3cbde96e6949fba,200,2021-10-03T01:16:00.724330,,
24357265,application/json,1.4,4ecea72eff7de59214fa5919fa011081919d523601656fabd053e2a5e19fa96d,4b547b34097e08ee4a41df14429738870c4d0f2b09cd2669f3cbde96e6949fba,200,2021-10-04T01:16:19.254946,,
24357265,application/json,2.206,4ecea72eff7de59214fa5919fa011081919d523601656fabd053e2a5e19fa96d,4b547b34097e08ee4a41df14429738870c4d0f2b09cd2669f3cbde96e6949fba,200,2021-10-05T01:10:50.435522,,
24357265,application/json,1.786,4ecea72eff7de59214fa5919fa011081919d523601656fabd053e2a5e19fa96d,4b547b34097e08ee4a41df14429738870c4d0f2b09cd2669f3cbde96e6949fba,200,2021-10-06T01:11:05.900453,,
24357265,application/json,2.448,4ecea72eff7de59214fa5919fa011081919d523601656fabd053e2a5e19fa96d,4b547b34097e08ee4a41df14429738870c4d0f2b09cd2669f3cbde96e6949fba,200,2021-10-07T01:13:26.664176,,
24357265,application/json,1.916,4ecea72eff7de59214fa5919fa011081919d523601656fabd053e2a5e19fa96d,4b547b34097e08ee4a41df14429738870c4d0f2b09cd2669f3cbde96e6949fba,200,2021-10-08T01:15:09.976394,,
24357265,application/json,2.245,4ecea72eff7de59214fa5919fa011081919d523601656fabd053e2a5e19fa96d,4b547b34097e08ee4a41df14429738870c4d0f2b09cd2669f3cbde96e6949fba,200,2021-10-09T01:08:10.796624,,
24357265,application/json,358.739,4ecea72eff7de59214fa5919fa011081919d523601656fabd053e2a5e19fa96d,4b547b34097e08ee4a41df14429738870c4d0f2b09cd2669f3cbde96e6949fba,200,2021-10-10T01:13:14.258183,,
24357265,application/json,1.651,4ecea72eff7de59214fa5919fa011081919d523601656fabd053e2a5e19fa96d,4b547b34097e08ee4a41df14429738870c4d0f2b09cd2669f3cbde96e6949fba,200,2021-10-11T01:13:53.724660,,
24357265,application/json,2.204,4ecea72eff7de59214fa5919fa011081919d523601656fabd053e2a5e19fa96d,4b547b34097e08ee4a41df14429738870c4d0f2b09cd2669f3cbde96e6949fba,200,2021-10-12T01:16:34.667833,,
24357265,application/json,2.171,4ecea72eff7de59214fa5919fa011081919d523601656fabd053e2a5e19fa96d,4b547b34097e08ee4a41df14429738870c4d0f2b09cd2669f3cbde96e6949fba,200,2021-10-13T01:13:55.040539,,
24357265,application/json,1.592,4ecea72eff7de59214fa5919fa011081919d523601656fabd053e2a5e19fa96d,4b547b34097e08ee4a41df14429738870c4d0f2b09cd2669f3cbde96e6949fba,200,2021-10-14T01:11:13.938248,,
24357265,application/json,1.767,4ecea72eff7de59214fa5919fa011081919d523601656fabd053e2a5e19fa96d,4b547b34097e08ee4a41df14429738870c4d0f2b09cd2669f3cbde96e6949fba,200,2021-10-15T01:15:06.794364,,
24357265,application/json,1.874,4ecea72eff7de59214fa5919fa011081919d523601656fabd053e2a5e19fa96d,4b547b34097e08ee4a41df14429738870c4d0f2b09cd2669f3cbde96e6949fba,200,2021-10-16T01:17:59.576513,,
24357265,application/json,1.484,4ecea72eff7de59214fa5919fa011081919d523601656fabd053e2a5e19fa96d,4b547b34097e08ee4a41df14429738870c4d0f2b09cd2669f3cbde96e6949fba,200,2021-10-17T01:11:55.822894,,
24357265,application/json,1.696,4ecea72eff7de59214fa5919fa011081919d523601656fabd053e2a5e19fa96d,4b547b34097e08ee4a41df14429738870c4d0f2b09cd2669f3cbde96e6949fba,200,2021-10-18T01:15:24.532687,,
24357265,application/json,1.873,4ecea72eff7de59214fa5919fa011081919d523601656fabd053e2a5e19fa96d,4b547b34097e08ee4a41df14429738870c4d0f2b09cd2669f3cbde96e6949fba,200,2021-10-19T01:15:33.723855,,
24357265,application/json,1.356,4ecea72eff7de59214fa5919fa011081919d523601656fabd053e2a5e19fa96d,4b547b34097e08ee4a41df14429738870c4d0f2b09cd2669f3cbde96e6949fba,200,2021-10-20T01:14:38.439390,,
24357265,application/json,2.272,4ecea72eff7de59214fa5919fa011081919d523601656fabd053e2a5e19fa96d,4b547b34097e08ee4a41df14429738870c4d0f2b09cd2669f3cbde96e6949fba,200,2021-10-21T01:20:04.317945,,
24357265,application/json,1.513,4ecea72eff7de59214fa5919fa011081919d523601656fabd053e2a5e19fa96d,4b547b34097e08ee4a41df14429738870c4d0f2b09cd2669f3cbde96e6949fba,200,2021-10-22T01:21:18.778015,,
24357265,application/json,1.737,4ecea72eff7de59214fa5919fa011081919d523601656fabd053e2a5e19fa96d,4b547b34097e08ee4a41df14429738870c4d0f2b09cd2669f3cbde96e6949fba,200,2021-10-23T01:15:25.609403,,
24357265,application/json,1.274,4ecea72eff7de59214fa5919fa011081919d523601656fabd053e2a5e19fa96d,4b547b34097e08ee4a41df14429738870c4d0f2b09cd2669f3cbde96e6949fba,200,2021-10-24T01:13:05.538686,,
24357265,application/json,1.326,4ecea72eff7de59214fa5919fa011081919d523601656fabd053e2a5e19fa96d,4b547b34097e08ee4a41df14429738870c4d0f2b09cd2669f3cbde96e6949fba,200,2021-10-25T01:13:31.634980,,
24357265,application/json,1.756,4ecea72eff7de59214fa5919fa011081919d523601656fabd053e2a5e19fa96d,4b547b34097e08ee4a41df14429738870c4d0f2b09cd2669f3cbde96e6949fba,200,2021-10-26T01:08:39.867702,,
24357265,application/json,1.496,4ecea72eff7de59214fa5919fa011081919d523601656fabd053e2a5e19fa96d,4b547b34097e08ee4a41df14429738870c4d0f2b09cd2669f3cbde96e6949fba,200,2021-10-27T01:08:34.439455,,
24357265,application/json,1.393,4ecea72eff7de59214fa5919fa011081919d523601656fabd053e2a5e19fa96d,4b547b34097e08ee4a41df14429738870c4d0f2b09cd2669f3cbde96e6949fba,200,2021-10-28T01:09:07.682401,,
24357265,application/json,1.409,4ecea72eff7de59214fa5919fa011081919d523601656fabd053e2a5e19fa96d,4b547b34097e08ee4a41df14429738870c4d0f2b09cd2669f3cbde96e6949fba,200,2021-10-29T01:07:33.300869,,
24357265,application/json,1.327,4ecea72eff7de59214fa5919fa011081919d523601656fabd053e2a5e19fa96d,4b547b34097e08ee4a41df14429738870c4d0f2b09cd2669f3cbde96e6949fba,200,2021-10-30T01:07:02.955215,,
24357265,application/json,1.384,4ecea72eff7de59214fa5919fa011081919d523601656fabd053e2a5e19fa96d,4b547b34097e08ee4a41df14429738870c4d0f2b09cd2669f3cbde96e6949fba,200,2021-10-31T01:12:38.972689,,
24357265,application/json,1.593,4ecea72eff7de59214fa5919fa011081919d523601656fabd053e2a5e19fa96d,4b547b34097e08ee4a41df14429738870c4d0f2b09cd2669f3cbde96e6949fba,200,2021-11-01T01:12:46.036058,,
24357265,application/json,1.923,4ecea72eff7de59214fa5919fa011081919d523601656fabd053e2a5e19fa96d,4b547b34097e08ee4a41df14429738870c4d0f2b09cd2669f3cbde96e6949fba,200,2021-11-02T01:13:21.000173,,
24357265,application/json,1.933,4ecea72eff7de59214fa5919fa011081919d523601656fabd053e2a5e19fa96d,4b547b34097e08ee4a41df14429738870c4d0f2b09cd2669f3cbde96e6949fba,200,2021-11-03T01:09:12.574048,,
24357265,application/json,1.698,4ecea72eff7de59214fa5919fa011081919d523601656fabd053e2a5e19fa96d,4b547b34097e08ee4a41df14429738870c4d0f2b09cd2669f3cbde96e6949fba,200,2021-11-04T01:09:58.992543,,
24357265,application/json,1.981,4ecea72eff7de59214fa5919fa011081919d523601656fabd053e2a5e19fa96d,4b547b34097e08ee4a41df14429738870c4d0f2b09cd2669f3cbde96e6949fba,200,2021-11-05T01:09:20.628166,,
24357265,application/json,2.286,4ecea72eff7de59214fa5919fa011081919d523601656fabd053e2a5e19fa96d,4b547b34097e08ee4a41df14429738870c4d0f2b09cd2669f3cbde96e6949fba,200,2021-11-06T01:07:39.547048,,
24357265,application/json,2.195,4ecea72eff7de59214fa5919fa011081919d523601656fabd053e2a5e19fa96d,4b547b34097e08ee4a41df14429738870c4d0f2b09cd2669f3cbde96e6949fba,200,2021-11-07T01:12:51.327281,,
24357265,application/json,1.287,4ecea72eff7de59214fa5919fa011081919d523601656fabd053e2a5e19fa96d,4b547b34097e08ee4a41df14429738870c4d0f2b09cd2669f3cbde96e6949fba,200,2021-11-08T01:09:53.489561,,
24357265,application/json,2.018,4ecea72eff7de59214fa5919fa011081919d523601656fabd053e2a5e19fa96d,4b547b34097e08ee4a41df14429738870c4d0f2b09cd2669f3cbde96e6949fba,200,2021-11-09T01:10:09.610870,,
24357265,application/json,1.598,4ecea72eff7de59214fa5919fa011081919d523601656fabd053e2a5e19fa96d,4b547b34097e08ee4a41df14429738870c4d0f2b09cd2669f3cbde96e6949fba,200,2021-11-10T01:09:41.360397,,
24357265,application/json,1.821,4ecea72eff7de59214fa5919fa011081919d523601656fabd053e2a5e19fa96d,4b547b34097e08ee4a41df14429738870c4d0f2b09cd2669f3cbde96e6949fba,200,2021-11-11T01:11:32.515898,,
24357265,application/json,1.908,4ecea72eff7de59214fa5919fa011081919d523601656fabd053e2a5e19fa96d,4b547b34097e08ee4a41df14429738870c4d0f2b09cd2669f3cbde96e6949fba,200,2021-11-12T01:11:12.844436,,
24357265,application/json,1.946,4ecea72eff7de59214fa5919fa011081919d523601656fabd053e2a5e19fa96d,4b547b34097e08ee4a41df14429738870c4d0f2b09cd2669f3cbde96e6949fba,200,2021-11-13T01:09:01.075380,,
24357265,application/json,1.879,4ecea72eff7de59214fa5919fa011081919d523601656fabd053e2a5e19fa96d,4b547b34097e08ee4a41df14429738870c4d0f2b09cd2669f3cbde96e6949fba,200,2021-11-14T01:12:41.143147,,
24357265,application/json,1.215,4ecea72eff7de59214fa5919fa011081919d523601656fabd053e2a5e19fa96d,4b547b34097e08ee4a41df14429738870c4d0f2b09cd2669f3cbde96e6949fba,200,2021-11-15T01:09:55.649449,,
24357265,application/json,1.775,4ecea72eff7de59214fa5919fa011081919d523601656fabd053e2a5e19fa96d,4b547b34097e08ee4a41df14429738870c4d0f2b09cd2669f3cbde96e6949fba,200,2021-11-16T01:10:24.359637,,
24357265,application/json,2.5,4ecea72eff7de59214fa5919fa011081919d523601656fabd053e2a5e19fa96d,4b547b34097e08ee4a41df14429738870c4d0f2b09cd2669f3cbde96e6949fba,200,2021-11-17T01:10:30.026943,,
24357265,application/json,1.558,4ecea72eff7de59214fa5919fa011081919d523601656fabd053e2a5e19fa96d,4b547b34097e08ee4a41df14429738870c4d0f2b09cd2669f3cbde96e6949fba,200,2021-11-18T01:10:31.968169,,
24357265,application/json,2.12,4ecea72eff7de59214fa5919fa011081919d523601656fabd053e2a5e19fa96d,4b547b34097e08ee4a41df14429738870c4d0f2b09cd2669f3cbde96e6949fba,200,2021-11-19T01:10:35.247335,,
24357265,application/json,2.035,4ecea72eff7de59214fa5919fa011081919d523601656fabd053e2a5e19fa96d,4b547b34097e08ee4a41df14429738870c4d0f2b09cd2669f3cbde96e6949fba,200,2021-11-20T01:09:08.363213,,
24357265,application/json,1.485,4ecea72eff7de59214fa5919fa011081919d523601656fabd053e2a5e19fa96d,4b547b34097e08ee4a41df14429738870c4d0f2b09cd2669f3cbde96e6949fba,200,2021-11-21T01:13:04.486939,,
24357265,application/json,1.379,4ecea72eff7de59214fa5919fa011081919d523601656fabd053e2a5e19fa96d,4b547b34097e08ee4a41df14429738870c4d0f2b09cd2669f3cbde96e6949fba,200,2021-11-22T01:11:20.621110,,
24357265,application/json,1.828,4ecea72eff7de59214fa5919fa011081919d523601656fabd053e2a5e19fa96d,4b547b34097e08ee4a41df14429738870c4d0f2b09cd2669f3cbde96e6949fba,200,2021-11-23T01:10:08.545151,,
24357265,application/json,3.343,4ecea72eff7de59214fa5919fa011081919d523601656fabd053e2a5e19fa96d,4b547b34097e08ee4a41df14429738870c4d0f2b09cd2669f3cbde96e6949fba,200,2021-11-24T01:09:39.710390,,
24357265,application/json,1.916,4ecea72eff7de59214fa5919fa011081919d523601656fabd053e2a5e19fa96d,4b547b34097e08ee4a41df14429738870c4d0f2b09cd2669f3cbde96e6949fba,200,2021-11-25T01:10:53.103014,,
24357265,application/json,1.692,4ecea72eff7de59214fa5919fa011081919d523601656fabd053e2a5e19fa96d,4b547b34097e08ee4a41df14429738870c4d0f2b09cd2669f3cbde96e6949fba,200,2021-11-26T01:08:58.205863,,
24357265,application/json,1.838,4ecea72eff7de59214fa5919fa011081919d523601656fabd053e2a5e19fa96d,4b547b34097e08ee4a41df14429738870c4d0f2b09cd2669f3cbde96e6949fba,200,2021-11-27T01:08:38.379506,,
24357265,application/json,1.63,4ecea72eff7de59214fa5919fa011081919d523601656fabd053e2a5e19fa96d,4b547b34097e08ee4a41df14429738870c4d0f2b09cd2669f3cbde96e6949fba,200,2021-11-28T01:11:43.956202,,
24357265,application/json,1.569,4ecea72eff7de59214fa5919fa011081919d523601656fabd053e2a5e19fa96d,4b547b34097e08ee4a41df14429738870c4d0f2b09cd2669f3cbde96e6949fba,200,2021-11-29T01:10:22.499944,,
24357265,application/json,1.878,4ecea72eff7de59214fa5919fa011081919d523601656fabd053e2a5e19fa96d,4b547b34097e08ee4a41df14429738870c4d0f2b09cd2669f3cbde96e6949fba,200,2021-11-30T01:09:52.156553,,
24357265,application/json,2.038,4ecea72eff7de59214fa5919fa011081919d523601656fabd053e2a5e19fa96d,4b547b34097e08ee4a41df14429738870c4d0f2b09cd2669f3cbde96e6949fba,200,2021-12-01T01:15:04.633132,,
24357265,application/json,2.15,4ecea72eff7de59214fa5919fa011081919d523601656fabd053e2a5e19fa96d,4b547b34097e08ee4a41df14429738870c4d0f2b09cd2669f3cbde96e6949fba,200,2021-12-02T01:11:23.249525,,
24357265,application/json,2.176,4ecea72eff7de59214fa5919fa011081919d523601656fabd053e2a5e19fa96d,4b547b34097e08ee4a41df14429738870c4d0f2b09cd2669f3cbde96e6949fba,200,2021-12-03T01:11:13.006676,,
24357265,application/json,2.513,4ecea72eff7de59214fa5919fa011081919d523601656fabd053e2a5e19fa96d,4b547b34097e08ee4a41df14429738870c4d0f2b09cd2669f3cbde96e6949fba,200,2021-12-04T01:10:48.300145,,
24357265,application/json,1.482,4ecea72eff7de59214fa5919fa011081919d523601656fabd053e2a5e19fa96d,4b547b34097e08ee4a41df14429738870c4d0f2b09cd2669f3cbde96e6949fba,200,2021-12-05T01:17:16.633740,,
24357265,application/json,1.536,4ecea72eff7de59214fa5919fa011081919d523601656fabd053e2a5e19fa96d,4b547b34097e08ee4a41df14429738870c4d0f2b09cd2669f3cbde96e6949fba,200,2021-12-06T01:13:36.396350,,
24357265,application/json,1.919,4ecea72eff7de59214fa5919fa011081919d523601656fabd053e2a5e19fa96d,4b547b34097e08ee4a41df14429738870c4d0f2b09cd2669f3cbde96e6949fba,200,2021-12-07T01:16:21.481811,,
24357265,application/json,1.292,4ecea72eff7de59214fa5919fa011081919d523601656fabd053e2a5e19fa96d,4b547b34097e08ee4a41df14429738870c4d0f2b09cd2669f3cbde96e6949fba,200,2021-12-08T01:14:20.342279,,
24357265,application/json,2.199,4ecea72eff7de59214fa5919fa011081919d523601656fabd053e2a5e19fa96d,4b547b34097e08ee4a41df14429738870c4d0f2b09cd2669f3cbde96e6949fba,200,2021-12-09T01:13:19.428120,,
24357265,application/json,1.87,4ecea72eff7de59214fa5919fa011081919d523601656fabd053e2a5e19fa96d,4b547b34097e08ee4a41df14429738870c4d0f2b09cd2669f3cbde96e6949fba,200,2021-12-10T01:13:06.851339,,
24357265,application/json,2.157,4ecea72eff7de59214fa5919fa011081919d523601656fabd053e2a5e19fa96d,4b547b34097e08ee4a41df14429738870c4d0f2b09cd2669f3cbde96e6949fba,200,2021-12-11T01:11:47.203988,,
24357265,application/json,2.168,4ecea72eff7de59214fa5919fa011081919d523601656fabd053e2a5e19fa96d,4b547b34097e08ee4a41df14429738870c4d0f2b09cd2669f3cbde96e6949fba,200,2021-12-12T01:16:38.551995,,
24357265,application/json,2.159,4ecea72eff7de59214fa5919fa011081919d523601656fabd053e2a5e19fa96d,4b547b34097e08ee4a41df14429738870c4d0f2b09cd2669f3cbde96e6949fba,200,2021-12-13T01:13:18.042402,,
24357265,application/json,2.061,4ecea72eff7de59214fa5919fa011081919d523601656fabd053e2a5e19fa96d,4b547b34097e08ee4a41df14429738870c4d0f2b09cd2669f3cbde96e6949fba,200,2021-12-14T01:16:24.048257,,
24357265,application/json,1.744,4ecea72eff7de59214fa5919fa011081919d523601656fabd053e2a5e19fa96d,4b547b34097e08ee4a41df14429738870c4d0f2b09cd2669f3cbde96e6949fba,200,2021-12-15T01:12:46.848553,,
24357265,application/json,2.078,4ecea72eff7de59214fa5919fa011081919d523601656fabd053e2a5e19fa96d,4b547b34097e08ee4a41df14429738870c4d0f2b09cd2669f3cbde96e6949fba,200,2021-12-16T01:12:12.691749,,
24357265,application/json,2.74,4ecea72eff7de59214fa5919fa011081919d523601656fabd053e2a5e19fa96d,4b547b34097e08ee4a41df14429738870c4d0f2b09cd2669f3cbde96e6949fba,200,2021-12-17T01:15:18.557586,,
24357265,application/json,1.611,4ecea72eff7de59214fa5919fa011081919d523601656fabd053e2a5e19fa96d,4b547b34097e08ee4a41df14429738870c4d0f2b09cd2669f3cbde96e6949fba,200,2021-12-18T01:17:32.286398,,
24357265,application/json,1.564,4ecea72eff7de59214fa5919fa011081919d523601656fabd053e2a5e19fa96d,4b547b34097e08ee4a41df14429738870c4d0f2b09cd2669f3cbde96e6949fba,200,2021-12-19T01:19:06.604880,,
24357265,application/json,1.299,4ecea72eff7de59214fa5919fa011081919d523601656fabd053e2a5e19fa96d,4b547b34097e08ee4a41df14429738870c4d0f2b09cd2669f3cbde96e6949fba,200,2021-12-20T01:16:23.178546,,
24357265,application/json,1.874,4ecea72eff7de59214fa5919fa011081919d523601656fabd053e2a5e19fa96d,4b547b34097e08ee4a41df14429738870c4d0f2b09cd2669f3cbde96e6949fba,200,2021-12-21T01:17:26.301224,,
24357265,application/json,1.655,4ecea72eff7de59214fa5919fa011081919d523601656fabd053e2a5e19fa96d,4b547b34097e08ee4a41df14429738870c4d0f2b09cd2669f3cbde96e6949fba,200,2021-12-22T01:16:28.535406,,
24357265,application/json,1.545,4ecea72eff7de59214fa5919fa011081919d523601656fabd053e2a5e19fa96d,4b547b34097e08ee4a41df14429738870c4d0f2b09cd2669f3cbde96e6949fba,200,2021-12-23T01:14:42.637582,,
24357265,application/json,1.406,4ecea72eff7de59214fa5919fa011081919d523601656fabd053e2a5e19fa96d,4b547b34097e08ee4a41df14429738870c4d0f2b09cd2669f3cbde96e6949fba,200,2021-12-24T01:13:37.504844,,
24357265,application/json,2.102,4ecea72eff7de59214fa5919fa011081919d523601656fabd053e2a5e19fa96d,4b547b34097e08ee4a41df14429738870c4d0f2b09cd2669f3cbde96e6949fba,200,2021-12-25T01:13:10.924710,,
24357265,application/json,1.97,4ecea72eff7de59214fa5919fa011081919d523601656fabd053e2a5e19fa96d,4b547b34097e08ee4a41df14429738870c4d0f2b09cd2669f3cbde96e6949fba,200,2021-12-26T01:19:33.455618,,
24357265,application/json,1.481,4ecea72eff7de59214fa5919fa011081919d523601656fabd053e2a5e19fa96d,4b547b34097e08ee4a41df14429738870c4d0f2b09cd2669f3cbde96e6949fba,200,2021-12-27T01:20:45.964782,,
24357265,application/json,1.972,4ecea72eff7de59214fa5919fa011081919d523601656fabd053e2a5e19fa96d,4b547b34097e08ee4a41df14429738870c4d0f2b09cd2669f3cbde96e6949fba,200,2021-12-28T01:14:28.745751,,
24357265,application/json,1.727,4ecea72eff7de59214fa5919fa011081919d523601656fabd053e2a5e19fa96d,4b547b34097e08ee4a41df14429738870c4d0f2b09cd2669f3cbde96e6949fba,200,2021-12-29T01:14:03.770215,,
24357265,application/json,2.251,4ecea72eff7de59214fa5919fa011081919d523601656fabd053e2a5e19fa96d,4b547b34097e08ee4a41df14429738870c4d0f2b09cd2669f3cbde96e6949fba,200,2021-12-30T01:14:30.648206,,
24357265,application/json,1.716,4ecea72eff7de59214fa5919fa011081919d523601656fabd053e2a5e19fa96d,4b547b34097e08ee4a41df14429738870c4d0f2b09cd2669f3cbde96e6949fba,200,2021-12-31T01:16:41.217063,,
24357265,application/json,1.627,4ecea72eff7de59214fa5919fa011081919d523601656fabd053e2a5e19fa96d,4b547b34097e08ee4a41df14429738870c4d0f2b09cd2669f3cbde96e6949fba,200,2022-01-01T01:17:50.390141,,
24357265,application/json,1.421,4ecea72eff7de59214fa5919fa011081919d523601656fabd053e2a5e19fa96d,4b547b34097e08ee4a41df14429738870c4d0f2b09cd2669f3cbde96e6949fba,200,2022-01-02T01:19:13.317101,,
24357265,application/json,1.817,4ecea72eff7de59214fa5919fa011081919d523601656fabd053e2a5e19fa96d,4b547b34097e08ee4a41df14429738870c4d0f2b09cd2669f3cbde96e6949fba,200,2022-01-03T01:15:34.737517,,
24357265,application/json,1.613,4ecea72eff7de59214fa5919fa011081919d523601656fabd053e2a5e19fa96d,4b547b34097e08ee4a41df14429738870c4d0f2b09cd2669f3cbde96e6949fba,200,2022-01-04T01:16:41.818965,,
24357265,application/json,2.147,4ecea72eff7de59214fa5919fa011081919d523601656fabd053e2a5e19fa96d,4b547b34097e08ee4a41df14429738870c4d0f2b09cd2669f3cbde96e6949fba,200,2022-01-05T01:18:41.476112,,
24357265,application/json,1.414,4ecea72eff7de59214fa5919fa011081919d523601656fabd053e2a5e19fa96d,4b547b34097e08ee4a41df14429738870c4d0f2b09cd2669f3cbde96e6949fba,200,2022-01-06T01:22:33.181967,,
24357265,application/json,1.637,4ecea72eff7de59214fa5919fa011081919d523601656fabd053e2a5e19fa96d,4b547b34097e08ee4a41df14429738870c4d0f2b09cd2669f3cbde96e6949fba,200,2022-01-07T01:22:34.109125,,
24357265,application/json,2.125,4ecea72eff7de59214fa5919fa011081919d523601656fabd053e2a5e19fa96d,4b547b34097e08ee4a41df14429738870c4d0f2b09cd2669f3cbde96e6949fba,200,2022-01-08T01:16:08.725604,,
24357265,application/json,2.188,4ecea72eff7de59214fa5919fa011081919d523601656fabd053e2a5e19fa96d,4b547b34097e08ee4a41df14429738870c4d0f2b09cd2669f3cbde96e6949fba,200,2022-01-09T01:21:01.629538,,
24357265,application/json,2.189,4ecea72eff7de59214fa5919fa011081919d523601656fabd053e2a5e19fa96d,4b547b34097e08ee4a41df14429738870c4d0f2b09cd2669f3cbde96e6949fba,200,2022-01-10T01:15:38.950435,,
24357265,application/json,1.862,4ecea72eff7de59214fa5919fa011081919d523601656fabd053e2a5e19fa96d,4b547b34097e08ee4a41df14429738870c4d0f2b09cd2669f3cbde96e6949fba,200,2022-01-11T01:18:10.721009,,
24357265,application/json,2.056,4ecea72eff7de59214fa5919fa011081919d523601656fabd053e2a5e19fa96d,4b547b34097e08ee4a41df14429738870c4d0f2b09cd2669f3cbde96e6949fba,200,2022-01-12T01:17:22.187397,,
24357265,application/json,1.927,4ecea72eff7de59214fa5919fa011081919d523601656fabd053e2a5e19fa96d,4b547b34097e08ee4a41df14429738870c4d0f2b09cd2669f3cbde96e6949fba,200,2022-01-13T01:20:17.355870,,
24357265,application/json,1.804,4ecea72eff7de59214fa5919fa011081919d523601656fabd053e2a5e19fa96d,4b547b34097e08ee4a41df14429738870c4d0f2b09cd2669f3cbde96e6949fba,200,2022-01-14T01:18:41.243830,,
24357265,application/json,2.077,4ecea72eff7de59214fa5919fa011081919d523601656fabd053e2a5e19fa96d,4b547b34097e08ee4a41df14429738870c4d0f2b09cd2669f3cbde96e6949fba,200,2022-01-15T01:16:09.544510,,
24357265,application/json,1.622,4ecea72eff7de59214fa5919fa011081919d523601656fabd053e2a5e19fa96d,4b547b34097e08ee4a41df14429738870c4d0f2b09cd2669f3cbde96e6949fba,200,2022-01-16T01:21:29.778876,,
24357265,application/json,1.846,4ecea72eff7de59214fa5919fa011081919d523601656fabd053e2a5e19fa96d,4b547b34097e08ee4a41df14429738870c4d0f2b09cd2669f3cbde96e6949fba,200,2022-01-17T01:18:25.399668,,
24357265,application/json,1.78,4ecea72eff7de59214fa5919fa011081919d523601656fabd053e2a5e19fa96d,4b547b34097e08ee4a41df14429738870c4d0f2b09cd2669f3cbde96e6949fba,200,2022-01-18T01:19:16.693584,,
24357265,application/json,1.798,4ecea72eff7de59214fa5919fa011081919d523601656fabd053e2a5e19fa96d,4b547b34097e08ee4a41df14429738870c4d0f2b09cd2669f3cbde96e6949fba,200,2022-01-19T01:09:53.155023,,
24357265,application/json,2.344,4ecea72eff7de59214fa5919fa011081919d523601656fabd053e2a5e19fa96d,4b547b34097e08ee4a41df14429738870c4d0f2b09cd2669f3cbde96e6949fba,200,2022-01-20T01:26:26.992627,,
24357265,application/json,2.02,4ecea72eff7de59214fa5919fa011081919d523601656fabd053e2a5e19fa96d,4b547b34097e08ee4a41df14429738870c4d0f2b09cd2669f3cbde96e6949fba,200,2022-01-21T01:10:27.925506,,
24357265,application/json,2.018,4ecea72eff7de59214fa5919fa011081919d523601656fabd053e2a5e19fa96d,4b547b34097e08ee4a41df14429738870c4d0f2b09cd2669f3cbde96e6949fba,200,2022-01-22T01:09:48.496811,,
24357265,application/json,1.56,4ecea72eff7de59214fa5919fa011081919d523601656fabd053e2a5e19fa96d,4b547b34097e08ee4a41df14429738870c4d0f2b09cd2669f3cbde96e6949fba,200,2022-01-23T01:12:54.777667,,
24357265,application/json,1.682,4ecea72eff7de59214fa5919fa011081919d523601656fabd053e2a5e19fa96d,4b547b34097e08ee4a41df14429738870c4d0f2b09cd2669f3cbde96e6949fba,200,2022-01-24T01:16:08.904099,,
24357265,application/json,2.162,4ecea72eff7de59214fa5919fa011081919d523601656fabd053e2a5e19fa96d,4b547b34097e08ee4a41df14429738870c4d0f2b09cd2669f3cbde96e6949fba,200,2022-01-25T01:18:49.804205,,
24357265,application/json,2.239,4ecea72eff7de59214fa5919fa011081919d523601656fabd053e2a5e19fa96d,4b547b34097e08ee4a41df14429738870c4d0f2b09cd2669f3cbde96e6949fba,200,2022-01-26T01:19:55.084270,,
24357265,application/json,1.691,4ecea72eff7de59214fa5919fa011081919d523601656fabd053e2a5e19fa96d,4b547b34097e08ee4a41df14429738870c4d0f2b09cd2669f3cbde96e6949fba,200,2022-01-27T01:12:58.448076,,
24357265,application/json,2.151,4ecea72eff7de59214fa5919fa011081919d523601656fabd053e2a5e19fa96d,4b547b34097e08ee4a41df14429738870c4d0f2b09cd2669f3cbde96e6949fba,200,2022-01-28T01:13:21.575909,,
24357265,application/json,2.34,4ecea72eff7de59214fa5919fa011081919d523601656fabd053e2a5e19fa96d,4b547b34097e08ee4a41df14429738870c4d0f2b09cd2669f3cbde96e6949fba,200,2022-01-29T01:08:19.912579,,
24357265,application/json,1.482,4ecea72eff7de59214fa5919fa011081919d523601656fabd053e2a5e19fa96d,4b547b34097e08ee4a41df14429738870c4d0f2b09cd2669f3cbde96e6949fba,200,2022-01-30T01:13:52.091601,,
24357265,application/json,1.381,4ecea72eff7de59214fa5919fa011081919d523601656fabd053e2a5e19fa96d,4b547b34097e08ee4a41df14429738870c4d0f2b09cd2669f3cbde96e6949fba,200,2022-01-31T01:10:54.302758,,
24357265,application/json,1.542,4ecea72eff7de59214fa5919fa011081919d523601656fabd053e2a5e19fa96d,4b547b34097e08ee4a41df14429738870c4d0f2b09cd2669f3cbde96e6949fba,200,2022-02-01T01:16:04.748341,,
24357265,application/json,1.47,4ecea72eff7de59214fa5919fa011081919d523601656fabd053e2a5e19fa96d,4b547b34097e08ee4a41df14429738870c4d0f2b09cd2669f3cbde96e6949fba,200,2022-02-02T01:13:51.408954,,
24357265,application/json,1.825,4ecea72eff7de59214fa5919fa011081919d523601656fabd053e2a5e19fa96d,4b547b34097e08ee4a41df14429738870c4d0f2b09cd2669f3cbde96e6949fba,200,2022-02-03T01:10:38.856373,,
24357265,application/json,1.609,4ecea72eff7de59214fa5919fa011081919d523601656fabd053e2a5e19fa96d,4b547b34097e08ee4a41df14429738870c4d0f2b09cd2669f3cbde96e6949fba,200,2022-02-04T01:10:30.933484,,
24357265,application/json,1.621,4ecea72eff7de59214fa5919fa011081919d523601656fabd053e2a5e19fa96d,4b547b34097e08ee4a41df14429738870c4d0f2b09cd2669f3cbde96e6949fba,200,2022-02-05T01:02:51.186634,,
24357265,application/json,1.349,4ecea72eff7de59214fa5919fa011081919d523601656fabd053e2a5e19fa96d,4b547b34097e08ee4a41df14429738870c4d0f2b09cd2669f3cbde96e6949fba,200,2022-02-06T01:22:04.143392,,
24357265,application/json,1.445,4ecea72eff7de59214fa5919fa011081919d523601656fabd053e2a5e19fa96d,4b547b34097e08ee4a41df14429738870c4d0f2b09cd2669f3cbde96e6949fba,200,2022-02-07T01:13:01.542275,,
24357265,application/json,1.737,4ecea72eff7de59214fa5919fa011081919d523601656fabd053e2a5e19fa96d,4b547b34097e08ee4a41df14429738870c4d0f2b09cd2669f3cbde96e6949fba,200,2022-02-08T01:15:47.391314,,
24357265,application/json,2.22,4ecea72eff7de59214fa5919fa011081919d523601656fabd053e2a5e19fa96d,4b547b34097e08ee4a41df14429738870c4d0f2b09cd2669f3cbde96e6949fba,200,2022-02-09T01:19:31.099709,,
24357265,application/json,1.814,4ecea72eff7de59214fa5919fa011081919d523601656fabd053e2a5e19fa96d,4b547b34097e08ee4a41df14429738870c4d0f2b09cd2669f3cbde96e6949fba,200,2022-02-10T01:15:40.111354,,
24357265,application/json,1.798,4ecea72eff7de59214fa5919fa011081919d523601656fabd053e2a5e19fa96d,4b547b34097e08ee4a41df14429738870c4d0f2b09cd2669f3cbde96e6949fba,200,2022-02-11T01:19:28.933796,,
24357265,application/json,1.846,4ecea72eff7de59214fa5919fa011081919d523601656fabd053e2a5e19fa96d,4b547b34097e08ee4a41df14429738870c4d0f2b09cd2669f3cbde96e6949fba,200,2022-02-12T01:19:43.698400,,
24357265,application/json,1.47,4ecea72eff7de59214fa5919fa011081919d523601656fabd053e2a5e19fa96d,4b547b34097e08ee4a41df14429738870c4d0f2b09cd2669f3cbde96e6949fba,200,2022-02-13T01:20:39.977967,,
24357265,application/json,1.272,4ecea72eff7de59214fa5919fa011081919d523601656fabd053e2a5e19fa96d,4b547b34097e08ee4a41df14429738870c4d0f2b09cd2669f3cbde96e6949fba,200,2022-02-14T01:12:51.733187,,
24357265,application/json,1.728,4ecea72eff7de59214fa5919fa011081919d523601656fabd053e2a5e19fa96d,4b547b34097e08ee4a41df14429738870c4d0f2b09cd2669f3cbde96e6949fba,200,2022-02-15T01:24:14.927254,,
24357265,application/json,1.953,4ecea72eff7de59214fa5919fa011081919d523601656fabd053e2a5e19fa96d,4b547b34097e08ee4a41df14429738870c4d0f2b09cd2669f3cbde96e6949fba,200,2022-02-16T01:23:29.818745,,
24357265,application/json,1.412,4ecea72eff7de59214fa5919fa011081919d523601656fabd053e2a5e19fa96d,4b547b34097e08ee4a41df14429738870c4d0f2b09cd2669f3cbde96e6949fba,200,2022-02-17T01:11:58.322003,,
24357265,application/json,1.683,4ecea72eff7de59214fa5919fa011081919d523601656fabd053e2a5e19fa96d,4b547b34097e08ee4a41df14429738870c4d0f2b09cd2669f3cbde96e6949fba,200,2022-02-18T01:23:42.832137,,
24357265,application/json,2.245,4ecea72eff7de59214fa5919fa011081919d523601656fabd053e2a5e19fa96d,4b547b34097e08ee4a41df14429738870c4d0f2b09cd2669f3cbde96e6949fba,200,2022-02-19T00:22:34.301844,,
24357265,application/json,1.419,4ecea72eff7de59214fa5919fa011081919d523601656fabd053e2a5e19fa96d,4b547b34097e08ee4a41df14429738870c4d0f2b09cd2669f3cbde96e6949fba,200,2022-02-20T00:22:55.596546,,
24357265,application/json,2.216,4ecea72eff7de59214fa5919fa011081919d523601656fabd053e2a5e19fa96d,4b547b34097e08ee4a41df14429738870c4d0f2b09cd2669f3cbde96e6949fba,200,2022-02-21T00:20:39.477209,,
24357265,application/json,1.496,4ecea72eff7de59214fa5919fa011081919d523601656fabd053e2a5e19fa96d,4b547b34097e08ee4a41df14429738870c4d0f2b09cd2669f3cbde96e6949fba,200,2022-02-22T00:20:40.381765,,
24357265,application/json,2.212,4ecea72eff7de59214fa5919fa011081919d523601656fabd053e2a5e19fa96d,4b547b34097e08ee4a41df14429738870c4d0f2b09cd2669f3cbde96e6949fba,200,2022-02-23T00:22:49.500610,,
24357265,application/json,2.231,4ecea72eff7de59214fa5919fa011081919d523601656fabd053e2a5e19fa96d,4b547b34097e08ee4a41df14429738870c4d0f2b09cd2669f3cbde96e6949fba,200,2022-02-24T00:20:32.624703,,
24357265,application/json,1.783,4ecea72eff7de59214fa5919fa011081919d523601656fabd053e2a5e19fa96d,4b547b34097e08ee4a41df14429738870c4d0f2b09cd2669f3cbde96e6949fba,200,2022-02-25T00:20:30.613176,,
24357265,application/json,1.867,4ecea72eff7de59214fa5919fa011081919d523601656fabd053e2a5e19fa96d,4b547b34097e08ee4a41df14429738870c4d0f2b09cd2669f3cbde96e6949fba,200,2022-02-26T00:20:17.769766,,
24357265,application/json,1.634,4ecea72eff7de59214fa5919fa011081919d523601656fabd053e2a5e19fa96d,4b547b34097e08ee4a41df14429738870c4d0f2b09cd2669f3cbde96e6949fba,200,2022-02-27T00:22:28.580622,,
24357265,application/json,1.81,4ecea72eff7de59214fa5919fa011081919d523601656fabd053e2a5e19fa96d,4b547b34097e08ee4a41df14429738870c4d0f2b09cd2669f3cbde96e6949fba,200,2022-02-28T00:22:45.701424,,
24357265,application/json,1.664,4ecea72eff7de59214fa5919fa011081919d523601656fabd053e2a5e19fa96d,4b547b34097e08ee4a41df14429738870c4d0f2b09cd2669f3cbde96e6949fba,200,2022-03-01T00:31:11.138864,,
24357265,application/json,1.818,4ecea72eff7de59214fa5919fa011081919d523601656fabd053e2a5e19fa96d,4b547b34097e08ee4a41df14429738870c4d0f2b09cd2669f3cbde96e6949fba,200,2022-03-02T00:32:24.213888,,
24357265,application/json,1.847,4ecea72eff7de59214fa5919fa011081919d523601656fabd053e2a5e19fa96d,4b547b34097e08ee4a41df14429738870c4d0f2b09cd2669f3cbde96e6949fba,200,2022-03-03T00:45:01.851503,,
24357265,application/json,1.507,4ecea72eff7de59214fa5919fa011081919d523601656fabd053e2a5e19fa96d,4b547b34097e08ee4a41df14429738870c4d0f2b09cd2669f3cbde96e6949fba,200,2022-03-04T00:23:58.842775,,
24357265,application/json,1.718,4ecea72eff7de59214fa5919fa011081919d523601656fabd053e2a5e19fa96d,4b547b34097e08ee4a41df14429738870c4d0f2b09cd2669f3cbde96e6949fba,200,2022-03-05T00:21:45.195636,,
24357265,application/json,1.645,4ecea72eff7de59214fa5919fa011081919d523601656fabd053e2a5e19fa96d,4b547b34097e08ee4a41df14429738870c4d0f2b09cd2669f3cbde96e6949fba,200,2022-03-06T00:21:18.447296,,
24357265,application/json,1.375,4ecea72eff7de59214fa5919fa011081919d523601656fabd053e2a5e19fa96d,4b547b34097e08ee4a41df14429738870c4d0f2b09cd2669f3cbde96e6949fba,200,2022-03-07T00:21:31.377923,,
24357265,application/json,1.3,4ecea72eff7de59214fa5919fa011081919d523601656fabd053e2a5e19fa96d,4b547b34097e08ee4a41df14429738870c4d0f2b09cd2669f3cbde96e6949fba,200,2022-03-08T00:21:56.748216,,
24357265,application/json,1.474,4ecea72eff7de59214fa5919fa011081919d523601656fabd053e2a5e19fa96d,4b547b34097e08ee4a41df14429738870c4d0f2b09cd2669f3cbde96e6949fba,200,2022-03-09T00:25:40.622773,,
24357265,application/json,1.947,4ecea72eff7de59214fa5919fa011081919d523601656fabd053e2a5e19fa96d,4b547b34097e08ee4a41df14429738870c4d0f2b09cd2669f3cbde96e6949fba,200,2022-03-10T00:20:33.991199,,
